<?xml version="1.0" encoding="UTF-8"?>
<project-private xmlns="http://www.netbeans.org/ns/project-private/1">
    <editor-bookmarks xmlns="http://www.netbeans.org/ns/editor-bookmarks/2" lastBookmarkId="0"/>
    <open-files xmlns="http://www.netbeans.org/ns/projectui-open-files/2">
        <group>
            <file>file:/C:/Users/RAGHU/Documents/NetBeansProjects/online%20receipe/src/vegreceipe.java</file>
            <file>file:/C:/Users/RAGHU/Documents/NetBeansProjects/online%20receipe/src/snacksreceipe.java</file>
            <file>file:/C:/Users/RAGHU/Documents/NetBeansProjects/online%20receipe/src/homepage.java</file>
            <file>file:/C:/Users/RAGHU/Documents/NetBeansProjects/online%20receipe/src/online/receipe/OnlineReceipe.java</file>
            <file>file:/C:/Users/RAGHU/Documents/NetBeansProjects/online%20receipe/src/nonvegreceipe.java</file>
            <file>file:/C:/Users/RAGHU/Documents/NetBeansProjects/online%20receipe/src/adminlogin.java</file>
            <file>file:/C:/Users/RAGHU/Documents/NetBeansProjects/online%20receipe/src/addreceipe.java</file>
            <file>file:/C:/Users/RAGHU/Documents/NetBeansProjects/online%20receipe/src/receipe.java</file>
            <file>file:/C:/Users/RAGHU/Documents/NetBeansProjects/online%20receipe/src/register.java</file>
            <file>file:/C:/Users/RAGHU/Documents/NetBeansProjects/online%20receipe/src/dessertsreceipe.java</file>
            <file>file:/C:/Users/RAGHU/Documents/NetBeansProjects/online%20receipe/src/userlogin.java</file>
        </group>
    </open-files>
</project-private>
